{
  "amount_ngn": {
    "mean": 32152.1232271122,
    "std": 104410.81421253897,
    "min": 64.41000366210938,
    "max": 8650205.0,
    "histogram": [
      0.9945469851437757,
      0.003389853386458138,
      0.0009799576161442407,
      0.00038998313295536096,
      0.00030998659286195354,
      0.00012999437765178704,
      5.9997405070055496e-05,
      5.9997405070055564e-05,
      9.999567511675927e-06,
      2.9998702535027748e-05,
      9.999567511675927e-06,
      0.0,
      0.0,
      0.0,
      0.0,
      9.999567511675927e-06,
      0.0,
      9.999567511675927e-06,
      9.999567511675905e-06,
      9.999567511675927e-06
    ],
    "bin_edges": [
      64.41000366210938,
      432571.439503479,
      865078.4690032959,
      1297585.4985031127,
      1730092.5280029296,
      2162599.5575027466,
      2595106.5870025633,
      3027613.6165023805,
      3460120.646002197,
      3892627.675502014,
      4325134.705001831,
      4757641.734501648,
      5190148.7640014645,
      5622655.793501281,
      6055162.823001099,
      6487669.8525009155,
      6920176.882000732,
      7352683.911500549,
      7785190.941000366,
      8217697.970500183,
      8650205.0
    ],
    "n_samples": 100000,
    "percentiles": {
      "p5": 1900.935955810547,
      "p25": 5992.830078125,
      "p50": 13423.64990234375,
      "p75": 30529.62255859375,
      "p95": 102566.02539062496
    }
  },
  "hour": {
    "mean": 11.42958,
    "std": 6.934297442683001,
    "min": 0.0,
    "max": 23.0,
    "histogram": [
      0.08184999999058724,
      0.043599999994986004,
      0.04436999999489744,
      0.0445799999948733,
      0.04110999999527233,
      0.042019999995167714,
      0.08310999999044237,
      0.04194999999517573,
      0.04179999999519298,
      0.04016999999538043,
      0.04121999999525974,
      0.04214999999515273,
      0.04040999999535283,
      0.08305999999044819,
      0.04077999999531022,
      0.0409899999952862,
      0.041889999995182704,
      0.04014999999538267,
      0.04127999999525284,
      0.08350999999039618
    ],
    "bin_edges": [
      0.0,
      1.15,
      2.3,
      3.4499999999999997,
      4.6,
      5.75,
      6.8999999999999995,
      8.049999999999999,
      9.2,
      10.35,
      11.5,
      12.649999999999999,
      13.799999999999999,
      14.95,
      16.099999999999998,
      17.25,
      18.4,
      19.549999999999997,
      20.7,
      21.849999999999998,
      23.0
    ],
    "n_samples": 100000,
    "percentiles": {
      "p5": 1.0,
      "p25": 5.0,
      "p50": 11.0,
      "p75": 17.0,
      "p95": 22.0
    }
  },
  "day_of_week": {
    "mean": 2.99142,
    "std": 1.9976351978276716,
    "min": 0.0,
    "max": 6.0,
    "histogram": [
      0.1432499999957025,
      0.0,
      0.0,
      0.143099999995707,
      0.0,
      0.0,
      0.1442399999956727,
      0.0,
      0.0,
      0.0,
      0.1430999999957071,
      0.0,
      0.0,
      0.14226999999573178,
      0.0,
      0.0,
      0.1427799999957167,
      0.0,
      0.0,
      0.1412599999957623
    ],
    "bin_edges": [
      0.0,
      0.3,
      0.6,
      0.8999999999999999,
      1.2,
      1.5,
      1.7999999999999998,
      2.1,
      2.4,
      2.6999999999999997,
      3.0,
      3.3,
      3.5999999999999996,
      3.9,
      4.2,
      4.5,
      4.8,
      5.1,
      5.3999999999999995,
      5.7,
      6.0
    ],
    "n_samples": 100000,
    "percentiles": {
      "p5": 0.0,
      "p25": 1.0,
      "p50": 3.0,
      "p75": 5.0,
      "p95": 6.0
    }
  },
  "avg_txn_amount_30d": {
    "mean": 27616.54435797016,
    "std": 51768.164770399315,
    "min": 58.4900016784668,
    "max": 2201171.25,
    "histogram": [
      0.9592694426989473,
      0.029329677210366237,
      0.006969923292064532,
      0.0023699739171008515,
      0.000949989544829455,
      0.00042999526765964853,
      0.00020999768885703743,
      0.00018999790896589102,
      5.9999339673439264e-05,
      4.999944972786606e-05,
      3.999955978229289e-05,
      1.9999779891146444e-05,
      2.9999669836719605e-05,
      9.999889945573222e-06,
      0.0,
      0.0,
      9.999889945573222e-06,
      1.99997798911464e-05,
      0.0,
      2.9999669836719605e-05
    ],
    "bin_edges": [
      58.4900016784668,
      110114.12800159454,
      220169.7660015106,
      330225.40400142665,
      440281.04200134275,
      550336.6800012589,
      660392.3180011748,
      770447.9560010909,
      880503.594001007,
      990559.2320009231,
      1100614.8700008392,
      1210670.5080007552,
      1320726.1460006712,
      1430781.7840005874,
      1540837.4220005034,
      1650893.0600004196,
      1760948.6980003356,
      1871004.3360002516,
      1981059.9740001678,
      2091115.6120000838,
      2201171.25
    ],
    "n_samples": 100000,
    "percentiles": {
      "p5": 1685.4354431152344,
      "p25": 5675.4400634765625,
      "p50": 12960.48486328125,
      "p75": 29782.29736328125,
      "p95": 97198.61757812496
    }
  },
  "txn_count_24h": {
    "mean": 2.40229,
    "std": 2.70975141957708,
    "min": 0.0,
    "max": 30.0,
    "histogram": [
      0.39019999994146987,
      0.26198999996070144,
      0.26556999996016445,
      0.0356899999946465,
      0.015689999997646496,
      0.0013599999997959997,
      0.002649999999602499,
      0.0020399999996939997,
      0.0056799999991479985,
      0.003009999999548499,
      0.0061599999990759975,
      0.0025199999996219995,
      0.003689999999446499,
      0.0013599999997959997,
      0.0014099999997884995,
      0.00043999999993399986,
      0.0003599999999459999,
      5.9999999990999985e-05,
      0.00010999999998349996,
      9.999999998499997e-06
    ],
    "bin_edges": [
      0.0,
      1.5,
      3.0,
      4.5,
      6.0,
      7.5,
      9.0,
      10.5,
      12.0,
      13.5,
      15.0,
      16.5,
      18.0,
      19.5,
      21.0,
      22.5,
      24.0,
      25.5,
      27.0,
      28.5,
      30.0
    ],
    "n_samples": 100000,
    "percentiles": {
      "p5": 0.0,
      "p25": 1.0,
      "p50": 2.0,
      "p75": 3.0,
      "p95": 5.0
    }
  },
  "txn_count_1h": {
    "mean": 0.44786,
    "std": 1.058424026749204,
    "min": 0.0,
    "max": 15.0,
    "histogram": [
      0.7176499999461764,
      0.21564999998382625,
      0.036169999997287254,
      0.0,
      0.007619999999428501,
      0.005719999999571,
      0.00478999999964075,
      0.0,
      0.00464999999965125,
      0.0034599999997405,
      0.0021999999998349997,
      0.0,
      0.0011599999999130002,
      0.00048999999996325,
      0.00024999999998125003,
      0.0,
      0.00013999999998950003,
      1.99999999985e-05,
      1.99999999985e-05,
      9.99999999925e-06
    ],
    "bin_edges": [
      0.0,
      0.75,
      1.5,
      2.25,
      3.0,
      3.75,
      4.5,
      5.25,
      6.0,
      6.75,
      7.5,
      8.25,
      9.0,
      9.75,
      10.5,
      11.25,
      12.0,
      12.75,
      13.5,
      14.25,
      15.0
    ],
    "n_samples": 100000,
    "percentiles": {
      "p5": 0.0,
      "p25": 0.0,
      "p50": 0.0,
      "p75": 1.0,
      "p95": 2.0
    }
  },
  "days_since_last_txn": {
    "mean": 14.02778,
    "std": 8.839310395703954,
    "min": 0.0,
    "max": 29.0,
    "histogram": [
      0.08673999998742268,
      0.043229999993731644,
      0.06437999999066489,
      0.03202999999535564,
      0.06500999999057354,
      0.034239999995035214,
      0.06297999999086784,
      0.0320199999953571,
      0.06366999999076788,
      0.031789999995390415,
      0.03289999999522951,
      0.06491999999058662,
      0.03290999999522806,
      0.06521999999054297,
      0.03228999999531796,
      0.06320999999083457,
      0.032859999995235305,
      0.06447999999065042,
      0.03193999999536863,
      0.06317999999083891
    ],