{
  "claim_amount_ngn": {
    "mean": 2499147.6455,
    "std": 1444311.5462400555,
    "min": 5084.0,
    "max": 4999719.0,
    "histogram": [
      0.049598761361452734,
      0.05066540139073128,
      0.04926543635230318,
      0.05106539140171074,
      0.05216536393190425,
      0.05039874138341165,
      0.04813213132119472,
      0.05143204891177524,
      0.051098723902625695,
      0.04896544384406859,
      0.048265461324854535,
      0.047765473811130214,
      0.050365408882496694,
      0.04986542136877237,
      0.049365433855048046,
      0.05086539639622101,
      0.051332051409030376,
      0.050332076381581735,
      0.04779880631204517,
      0.05123205390628552
    ],
    "bin_edges": [
      5084.0,
      254815.75,
      504547.5,
      754279.25,
      1004011.0,
      1253742.75,
      1503474.5,
      1753206.25,
      2002938.0,
      2252669.75,
      2502401.5,
      2752133.25,
      3001865.0,
      3251596.75,
      3501328.5,
      3751060.25,
      4000792.0,
      4250523.75,
      4500255.5,
      4749987.25,
      4999719.0
    ],
    "n_samples": 30000,
    "percentiles": {
      "p5": 256526.35,
      "p25": 1243020.0,
      "p50": 2487024.5,
      "p75": 3761347.5,
      "p95": 4755699.65
    }
  },
  "policy_limit_ngn": {
    "mean": 7487291.648655127,
    "std": 5441693.633733503,
    "min": 6038.47998046875,
    "max": 24722668.0,
    "histogram": [
      0.0996210218538855,
      0.10015428928435126,
      0.09865447463616632,
      0.10012096006994711,
      0.09242191154259766,
      0.08212318429172766,
      0.0672583546674944,
      0.06329217815340536,
      0.05326008461776818,
      0.04809405638513102,
      0.04092827528824739,
      0.034262432407425346,
      0.030362914322144396,
      0.023763729870130573,
      0.01976422414163738,
      0.017931117349411316,
      0.011465249755013925,
      0.008965558674705658,
      0.005032711375020633,
      0.0023997034370959384
    ],
    "bin_edges": [
      6038.47998046875,
      1241869.9559814453,
      2477701.431982422,
      3713532.907983398,
      4949364.383984375,
      6185195.859985352,
      7421027.335986327,
      8656858.811987305,
      9892690.28798828,
      11128521.763989257,
      12364353.239990234,
      13600184.71599121,
      14836016.191992186,
      16071847.667993164,
      17307679.14399414,
      18543510.619995117,
      19779342.095996093,
      21015173.57199707,
      22251005.047998045,
      23486836.523999024,
      24722668.0
    ],
    "n_samples": 30000,
    "percentiles": {
      "p5": 639493.43125,
      "p25": 3106833.125,
      "p50": 6309143.75,
      "p75": 10956984.25,
      "p95": 18220879.3
    }
  },
  "claim_to_limit_ratio": {
    "mean": 0.40258698671261467,
    "std": 0.19557599678576357,
    "min": 0.20000000298023224,
    "max": 1.0,
    "histogram": [
      0.20776666666583554,
      0.14883333333273793,
      0.1120666666662185,
      0.08559999999965758,
      0.07179999999971277,
      0.05749999999977007,
      0.04723333333314438,
      0.038566666666512386,
      0.03416666666652994,
      0.029733333333214432,
      0.025599999999897628,
      0.022199999999911225,
      0.020033333333253165,
      0.01836666666659322,
      0.01699999999993197,
      0.015733333333270417,
      0.013299999999946814,
      0.012666666666615978,
      0.011599999999953611,
      0.010233333333292382
    ],
    "bin_edges": [
      0.20000000298023224,
      0.24000000283122064,
      0.28000000268220904,
      0.3200000025331974,
      0.3600000023841858,
      0.4000000022351742,
      0.4400000020861625,
      0.4800000019371509,
      0.5200000017881393,
      0.5600000016391278,
      0.6000000014901161,
      0.6400000013411045,
      0.6800000011920928,
      0.7200000010430813,
      0.7600000008940696,
      0.8000000007450581,
      0.8400000005960464,
      0.8800000004470347,
      0.9200000002980232,
      0.9600000001490115,
      1.0
    ],
    "n_samples": 30000,
    "percentiles": {
      "p5": 0.20829999446868896,
      "p25": 0.25040000677108765,
      "p50": 0.33345000445842743,
      "p75": 0.4997999966144562,
      "p95": 0.8343049824237823
    }
  },
  "n_docs_required": {
    "mean": 3.5055666666666667,
    "std": 1.1210273616444675,
    "min": 2.0,
    "max": 5.0,
    "histogram": [
      0.24996666666291717,
      0.0,
      0.0,
      0.0,
      0.0,
      0.0,
      0.2478999999962815,
      0.0,
      0.0,
      0.0,
      0.0,
      0.0,
      0.0,
      0.2487333333296031,
      0.0,
      0.0,
      0.0,
      0.0,
      0.0,
      0.2533999999961983
    ],
    "bin_edges": [
      2.0,
      2.15,
      2.3,
      2.45,
      2.6,
      2.75,
      2.9,
      3.05,
      3.2,
      3.3499999999999996,
      3.5,
      3.65,
      3.8,
      3.95,
      4.1,
      4.25,
      4.4,
      4.55,
      4.699999999999999,
      4.85,
      5.0
    ],
    "n_samples": 30000,
    "percentiles": {
      "p5": 2.0,
      "p25": 3.0,
      "p50": 4.0,
      "p75": 5.0,
      "p95": 5.0
    }
  },
  "n_docs_submitted": {
    "mean": 2.6325333333333334,
    "std": 1.2219253586951302,
    "min": 1.0,
    "max": 5.0,
    "histogram": [
      0.2073666666625194,
      0.0,
      0.0,
      0.0,
      0.0,
      0.29043333332752447,
      0.0,
      0.0,
      0.0,
      0.0,
      0.24976666666167113,
      0.0,
      0.0,
      0.0,
      0.0,
      0.16716666666332322,
      0.0,
      0.0,
      0.0,
      0.08526666666496165
    ],
    "bin_edges": [
      1.0,
      1.2,
      1.4,
      1.6,
      1.8,
      2.0,
      2.2,
      2.4000000000000004,
      2.6,
      2.8,
      3.0,
      3.2,
      3.4000000000000004,
      3.6,
      3.8000000000000003,
      4.0,
      4.2,
      4.4,
      4.6,
      4.800000000000001,
      5.0
    ],
    "n_samples": 30000,
    "percentiles": {
      "p5": 1.0,
      "p25": 2.0,
      "p50": 3.0,
      "p75": 4.0,
      "p95": 5.0
    }
  },
  "doc_completeness": {
    "mean": 0.7425838896890481,
    "std": 0.23144004380393077,
    "min": 0.33329999446868896,
    "max": 1.0,
    "histogram": [
      0.08256666666639143,
      0.0,
      0.0,
      0.0,
      0.0,
      0.20756666666597476,
      0.0,
      0.0,
      0.08543333333304855,
      0.0,
      0.082499999999725,
      0.0,
      0.08149999999972832,
      0.0,
      0.08269999999972433,
      0.0,
      0.0,
      0.0,
      0.0,
      0.3777333333320742
    ],
    "bin_edges": [
      0.33329999446868896,
      0.3666349947452545,
      0.39996999502182007,
      0.4333049952983856,
      0.46663999557495117,
      0.4999749958515167,
      0.5333099961280823,
      0.5666449964046478,
      0.5999799966812134,
      0.6333149969577789,
      0.6666499972343445,
      0.69998499751091,
      0.7333199977874756,
      0.7666549980640411,
      0.7999899983406067,
      0.8333249986171722,
      0.8666599988937378,
      0.8999949991703033,
      0.9333299994468689,
      0.9666649997234344,
      1.0
    ],
    "n_samples": 30000,
    "percentiles": {
      "p5": 0.33329999446868896,
      "p25": 0.5,
      "p50": 0.75,
      "p75": 1.0,
      "p95": 1.0
    }
  },
  "days_since_incident": {
    "mean": 181.83523333333332,
    "std": 105.48014261119904,
    "min": 0.0,
    "max": 364.0,
    "histogram": [
      0.052799999903904,
      0.049766666576091335,
      0.048733333244638674,
      0.04973333324281866,
      0.050433333241544656,
      0.051699999905906034,
      0.049333333243546655,
      0.048466666578457336,
      0.04909999991063803,
      0.04626666658246129,
      0.053933333235174706,
      0.04926666657700136,
      0.050333333241726626,
      0.04859999991154803,
      0.04936666657681928,
      0.053666666568993375,
      0.049299999910274034,
      0.047799999913004036,
      0.04816666657900321,
      0.053233333236448695
    ],