{
  "accuracy": 0.8645,
  "precision": 0.8682550728784083,
  "recall": 0.8645,
  "f1_score": 0.8556451824724843,
  "auc_roc": 0.9449766681890628,
  "training_time_seconds": 39.41,
  "epochs": 50,
  "best_epoch": 22,
  "confusion_matrix": [
    [
      1011,
      57,
      0,
      9
    ],
    [
      53,
      3263,
      19,
      37
    ],
    [
      21,
      93,
      245,
      18
    ],
    [
      101,
      379,
      26,
      668
    ]
  ],
  "classification_report": {
    "0": {
      "precision": 0.8524451939291737,
      "recall": 0.9387186629526463,
      "f1-score": 0.8935041979673001,
      "support": 1077.0
    },
    "1": {
      "precision": 0.8604957805907173,
      "recall": 0.9676749703440095,
      "f1-score": 0.9109436069235064,
      "support": 3372.0
    },
    "2": {
      "precision": 0.8448275862068966,
      "recall": 0.649867374005305,
      "f1-score": 0.7346326836581709,
      "support": 377.0
    },
    "3": {
      "precision": 0.912568306010929,
      "recall": 0.5689948892674617,
      "f1-score": 0.7009443861490031,
      "support": 1174.0
    },
    "accuracy": 0.8645,
    "macro avg": {
      "precision": 0.8675842166844292,
      "recall": 0.7813139741423556,
      "f1-score": 0.8100062186744952,
      "support": 6000.0
    },
    "weighted avg": {
      "precision": 0.8682550728784083,
      "recall": 0.8645,
      "f1-score": 0.8556451824724843,
      "support": 6000.0
    }
  }
}