{
  "trained_at": "2026-06-04T22:01:13.714806",
  "models": {
    "fraud_detection": {
      "accuracy": 0.9599,
      "precision": 0.9571853970069584,
      "recall": 0.9599,
      "f1_score": 0.9570191191258167,
      "auc_roc": 0.9498537364130436,
      "training_time_seconds": 51.71,
      "epochs": 50,
      "best_epoch": 16,
      "confusion_matrix": [
        [
          9107,
          93
        ],
        [
          308,
          492
        ]
      ],
      "classification_report": {
        "0": {
          "precision": 0.9672862453531599,
          "recall": 0.9898913043478261,
          "f1-score": 0.9784582326081117,
          "support": 9200.0
        },
        "1": {
          "precision": 0.841025641025641,
          "recall": 0.615,
          "f1-score": 0.7104693140794224,
          "support": 800.0
        },
        "accuracy": 0.9599,
        "macro avg": {
          "precision": 0.9041559431894004,
          "recall": 0.8024456521739131,
          "f1-score": 0.844463773343767,
          "support": 10000.0
        },
        "weighted avg": {
          "precision": 0.9571853970069584,
          "recall": 0.9599,
          "f1-score": 0.9570191191258167,
          "support": 10000.0
        }
      }
    },
    "claims_adjudication": {
      "accuracy": 0.8645,
      "precision": 0.8682550728784083,
      "recall": 0.8645,
      "f1_score": 0.8556451824724843,
      "auc_roc": 0.9449766681890628,
      "training_time_seconds": 39.41,
      "epochs": 50,
      "best_epoch": 22,
      "confusion_matrix": [
        [
          1011,
          57,
          0,
          9
        ],
        [
          53,
          3263,
          19,
          37
        ],
        [
          21,
          93,
          245,
          18
        ],
        [
          101,
          379,
          26,
          668
        ]
      ],
      "classification_report": {
        "0": {
          "precision": 0.8524451939291737,
          "recall": 0.9387186629526463,
          "f1-score": 0.8935041979673001,
          "support": 1077.0
        },
        "1": {
          "precision": 0.8604957805907173,
          "recall": 0.9676749703440095,
          "f1-score": 0.9109436069235064,
          "support": 3372.0
        },
        "2": {
          "precision": 0.8448275862068966,
          "recall": 0.649867374005305,
          "f1-score": 0.7346326836581709,
          "support": 377.0
        },
        "3": {
          "precision": 0.912568306010929,
          "recall": 0.5689948892674617,
          "f1-score": 0.7009443861490031,
          "support": 1174.0
        },
        "accuracy": 0.8645,
        "macro avg": {
          "precision": 0.8675842166844292,
          "recall": 0.7813139741423556,
          "f1-score": 0.8100062186744952,
          "support": 6000.0
        },
        "weighted avg": {
          "precision": 0.8682550728784083,
          "recall": 0.8645,
          "f1-score": 0.8556451824724843,
          "support": 6000.0
        }
      }
    },
    "churn_prediction": {
      "accuracy": 0.86675,
      "precision": 0.8609698689258312,
      "recall": 0.86675,
      "f1_score": 0.8623159383607534,
      "auc_roc": 0.9237997159090907,
      "training_time_seconds": 44.83,
      "epochs": 50,
      "best_epoch": 41,
      "confusion_matrix": [
        [
          5851,
          389
        ],
        [
          677,
          1083
        ]
      ],
      "classification_report": {
        "0": {
          "precision": 0.8962928921568627,
          "recall": 0.9376602564102564,
          "f1-score": 0.9165100250626567,
          "support": 6240.0
        },
        "1": {
          "precision": 0.735733695652174,
          "recall": 0.6153409090909091,
          "f1-score": 0.6701732673267327,
          "support": 1760.0
        },
        "accuracy": 0.86675,
        "macro avg": {
          "precision": 0.8160132939045184,
          "recall": 0.7765005827505828,
          "f1-score": 0.7933416461946947,
          "support": 8000.0
        },
        "weighted avg": {
          "precision": 0.8609698689258312,
          "recall": 0.86675,
          "f1-score": 0.8623159383607534,
          "support": 8000.0
        }
      }
    },
    "anomaly_detection": {
      "accuracy": 0.96975,
      "f1_score": 0.9593208491145807,
      "training_time_seconds": 14.65,
      "epochs": 50
    }
  }
}