{
  "model_class": "GATFraudDetector",
  "metrics": {
    "accuracy": 0.2786666750907898,
    "auc_roc": 0.7623323902078977,
    "auc_pr": 0.06692819873944908,
    "precision": 0.01818181818181818,
    "recall": 0.9090909090909091,
    "f1": 0.035650623885918
  }
}