{
  "accuracy": 0.9599,
  "precision": 0.9571853970069584,
  "recall": 0.9599,
  "f1_score": 0.9570191191258167,
  "auc_roc": 0.9498537364130436,
  "training_time_seconds": 51.71,
  "epochs": 50,
  "best_epoch": 16,
  "confusion_matrix": [
    [
      9107,
      93
    ],
    [
      308,
      492
    ]
  ],
  "classification_report": {
    "0": {
      "precision": 0.9672862453531599,
      "recall": 0.9898913043478261,
      "f1-score": 0.9784582326081117,
      "support": 9200.0
    },
    "1": {
      "precision": 0.841025641025641,
      "recall": 0.615,
      "f1-score": 0.7104693140794224,
      "support": 800.0
    },
    "accuracy": 0.9599,
    "macro avg": {
      "precision": 0.9041559431894004,
      "recall": 0.8024456521739131,
      "f1-score": 0.844463773343767,
      "support": 10000.0
    },
    "weighted avg": {
      "precision": 0.9571853970069584,
      "recall": 0.9599,
      "f1-score": 0.9570191191258167,
      "support": 10000.0
    }
  }
}