{
  "accuracy": 0.86675,
  "precision": 0.8609698689258312,
  "recall": 0.86675,
  "f1_score": 0.8623159383607534,
  "auc_roc": 0.9237997159090907,
  "training_time_seconds": 44.83,
  "epochs": 50,
  "best_epoch": 41,
  "confusion_matrix": [
    [
      5851,
      389
    ],
    [
      677,
      1083
    ]
  ],
  "classification_report": {
    "0": {
      "precision": 0.8962928921568627,
      "recall": 0.9376602564102564,
      "f1-score": 0.9165100250626567,
      "support": 6240.0
    },
    "1": {
      "precision": 0.735733695652174,
      "recall": 0.6153409090909091,
      "f1-score": 0.6701732673267327,
      "support": 1760.0
    },
    "accuracy": 0.86675,
    "macro avg": {
      "precision": 0.8160132939045184,
      "recall": 0.7765005827505828,
      "f1-score": 0.7933416461946947,
      "support": 8000.0
    },
    "weighted avg": {
      "precision": 0.8609698689258312,
      "recall": 0.86675,
      "f1-score": 0.8623159383607534,
      "support": 8000.0
    }
  }
}